Network_Na,Route_Numb,Direction,Marker_Pos,Asset_Type,Asset_Inve,Unique_Ass,ITM_Eastin,ITM_Northi,Latitude,Longitude,Spatial_Ge,Asset_Envi,Lamp_Type,Metered,Switching_,Switching1,Bracket_Ty,Ballast_Ty,Wattage__w,Mounting_H,Additional,Number_of_,Decommissi,Column_Mat,EIWO_Numbe,GlobalID,created_us,created_da,last_edite,last_edi_1,Junction,ScheduledF
B,M20,East,M20 94.1 E,Lighting Point/Lighting Column,LP,LP-1899,556963.568,653355.69,52.62971805,-8.63571544,Point,Slip Road,SON,Yes,Photocell,Dusk to Dawn,Single,Magnetic,250,10,<Null>,1,,Steel,,{188ACE84-4585-4F24-A73A-9B3BC82A4410},,,COATESR,2025-04-08,M20 J2,Yes
B,M20,East,M20 94.1 E,Lighting Point/Lighting Column,LP,LP-1900,556984.116,653385.186,52.62998477,-8.63541578,Point,Slip Road,SON,Yes,Photocell,Dusk to Dawn,Single,Magnetic,250,10,<Null>,1,,Steel,,{94701500-B741-49D6-973B-7806592B8A04},,,COATESR,2025-04-08,M20 J2,Yes
B,M20,East,M20 94.2 E,Lighting Point/Lighting Column,LP,LP-1901,557003.843,653413.185,52.63023797,-8.63512804,Point,Slip Road,SON,Yes,Photocell,Dusk to Dawn,Single,Magnetic,250,10,<Null>,1,,Steel,,{B6BE6F6F-D41C-4E62-AEB0-D1487BA2F95B},,,COATESR,2025-04-08,M20 J2,Yes
B,M20,West,M20 94.3 W,Lighting Point/Lighting Column,LP,LP-1902,557201.928,653425.868,52.63036761,-8.63220382,Point,Slip Road,SON,Yes,Photocell,Dusk to Dawn,Single,Magnetic,250,10,<Null>,1,,Steel,,{8935E4AE-C2B9-4451-8197-0B1517D57CC9},,,COATESR,2025-04-08,M20 J2,Yes
B,M20,West,M20 94.3 W,Lighting Point/Lighting Column,LP,LP-1903,557181.1,653398.036,52.63011582,-8.63250786,Point,Slip Road,SON,Yes,Photocell,Dusk to Dawn,Single,Magnetic,250,10,<Null>,1,,Steel,,{C4937FF3-AEB7-4CD2-809F-226F5C888867},,,COATESR,2025-04-08,M20 J2,Yes
B,M20,West,M20 94.3 W,Lighting Point/Lighting Column,LP,LP-1904,557159.864,653370.351,52.62986533,-8.63281794,Point,Slip Road,SON,Yes,Photocell,Dusk to Dawn,Single,Magnetic,250,10,<Null>,1,,Steel,,{9F631775-2CF2-4C71-8782-26FB54DC62A9},,,COATESR,2025-04-08,M20 J2,Yes
B,M20,South,M20 94.2 W,Lighting Point/Lighting Column,LP,LP-1905,557150.91,653343.831,52.62962628,-8.63294676,Point,Interchange,SON,Yes,Photocell,Dusk to Dawn,Post Top,Magnetic,250,12,<Null>,1,,Steel,,{83B55F1C-95E6-4B15-B3BB-92415C3CD84A},,,COATESR,2025-04-08,M20 J2,No
B,M20,South,M20 94.2 E,Lighting Point/Lighting Column,LP,LP-1906,557064.063,653435.589,52.63044409,-8.63424146,Point,Interchange,SON,Yes,Photocell,Dusk to Dawn,Post Top,Magnetic,250,12,<Null>,1,,Steel,,{2A4BA236-8D15-42A3-859B-D0FE1F8088D5},,,COATESR,2025-04-08,M20 J2,No
B,M20,South,M20 94.2 E,Lighting Point/Lighting Column,LP,LP-1907,557071.04,653418.216,52.6302885,-8.63413614,Point,Interchange,SON,Yes,Photocell,Dusk to Dawn,Post Top,Magnetic,250,10,<Null>,1,,Steel,,{980CCE55-D89B-4D7A-B958-7E634B900F24},,,COATESR,2025-04-08,M20 J2,No
B,M20,South,M20 94.2 W,Lighting Point/Lighting Column,LP,LP-1908,557089.248,653395.567,52.63008638,-8.63386426,Point,Interchange,SON,Yes,Photocell,Dusk to Dawn,Post Top,Magnetic,150,8,<Null>,1,,Steel,,{E57BD9E2-78F0-4BA2-A7D7-C082806E1438},,,COATESR,2025-04-08,M20 J2,No
B,M20,South,M20 94.2 W,Lighting Point/Lighting Column,LP,LP-1909,557108.728,653375.241,52.62990524,-8.63357388,Point,Interchange,SON,Yes,Photocell,Dusk to Dawn,Post Top,Magnetic,250,10,<Null>,1,,Steel,,{060112E1-C0B6-4E9B-8317-580680944638},,,COATESR,2025-04-08,M20 J2,No
B,M20,South,M20 94.2 W,Lighting Point/Lighting Column,LP,LP-1910,557128.06,653365.378,52.62981813,-8.63328706,Point,Interchange,SON,Yes,Photocell,Dusk to Dawn,Post Top,Magnetic,250,12,<Null>,1,,Steel,,{2432BF88-3367-4B12-A749-5E66D48CBD34},,,COATESR,2025-04-08,M20 J2,No
B,M20,South,M20 94.2 W,Lighting Point/Lighting Column,LP,LP-1911,557154.289,653305.849,52.62928518,-8.63289192,Point,Interchange,SON,Yes,Photocell,Dusk to Dawn,Post Top,Magnetic,250,10,<Null>,1,,Steel,,{C15E07B2-8969-4317-A002-F70449B2EF9F},,,COATESR,2025-04-08,M20 J2,No
B,M20,South,M20 94.2 W,Lighting Point/Lighting Column,LP,LP-1912,557154.442,653273.106,52.62899092,-8.63288542,Point,Interchange,SON,Yes,Photocell,Dusk to Dawn,Post Top,Magnetic,250,10,<Null>,1,,Steel,,{F07DF1A1-E5E1-4029-B0B5-2F7AA89696E8},,,COATESR,2025-04-08,M20 J2,No
B,M20,North,M20 94.2 W,Lighting Point/Lighting Column,LP,LP-1916,557108.554,653344.987,52.62963332,-8.63357253,Point,Interchange,SON,Yes,Photocell,Dusk to Dawn,Post Top,Magnetic,250,12,<Null>,1,,Steel,,{A71749B9-EBF4-4BDD-9595-A32FEC61F497},,,COATESR,2025-04-08,M20 J2,No
B,M20,North,M20 94.2 W,Lighting Point/Lighting Column,LP,LP-1917,557098.733,653365.608,52.62981788,-8.63372027,Point,Interchange,SON,Yes,Photocell,Dusk to Dawn,Post Top,Magnetic,250,10,<Null>,1,,Steel,,{623B5BFE-3B9C-474F-AB12-670999822BB9},,,COATESR,2025-04-08,M20 J2,No
B,M20,North,M20 94.2 W,Lighting Point/Lighting Column,LP,LP-1918,557080.58,653387.235,52.63001082,-8.63399121,Point,Interchange,SON,Yes,Photocell,Dusk to Dawn,Post Top,Magnetic,150,8,<Null>,1,,Steel,,{550C140E-57BF-42B4-B142-BEBA56608E20},,,COATESR,2025-04-08,M20 J2,No
B,M20,North,M20 94.2 E,Lighting Point/Lighting Column,LP,LP-1919,557060.429,653408.035,52.63019616,-8.63429155,Point,Interchange,SON,Yes,Photocell,Dusk to Dawn,Post Top,Magnetic,250,10,<Null>,1,,Steel,,{6F6A2FA6-72C5-4929-961A-328589E73FD5},,,COATESR,2025-04-08,M20 J2,No
B,M20,North,M20 94.2 E,Lighting Point/Lighting Column,LP,LP-1920,557024.9,653419.025,52.63029212,-8.63481777,Point,Interchange,SON,Yes,Photocell,Dusk to Dawn,Post Top,Magnetic,250,12,<Null>,1,,Steel,,{CBA5C63B-81DF-4A6E-BD9D-917E5C3B58DD},,,COATESR,2025-04-08,M20 J2,No
B,M20,North,M20 94.2 E,Lighting Point/Lighting Column,LP,LP-1921,557007.021,653434.42,52.63042907,-8.63508386,Point,Interchange,SON,Yes,Photocell,Dusk to Dawn,Post Top,Magnetic,250,12,<Null>,1,,Steel,,{23D84A8F-047B-4447-930C-B98E221CAFBD},,,COATESR,2025-04-08,M20 J2,No
B,M20,South,M20 94.2 E,Lighting Point/Lighting Column,LP,LP-1922,557017.332,653467.686,52.63072886,-8.63493589,Point,Interchange,SON,Yes,Photocell,Dusk to Dawn,Post Top,Magnetic,250,12,<Null>,1,,Steel,,{6953DE56-AFF6-42F8-8D4B-4C82402CA50E},,,COATESR,2025-04-08,M20 J2,No
B,M20,East,M20 94.3 E,Lighting Point/Lighting Column,LP,LP-1923,557060.806,653510.854,52.63112027,-8.63429935,Point,Interchange,SON,Yes,Photocell,Dusk to Dawn,Post Top,Magnetic,250,10,<Null>,1,,Steel,,{C7C8EB63-7368-46A9-9950-B0E748BFC21A},,,COATESR,2025-04-08,M20 J2,No
B,M20,South,M20 94.2 E,Lighting Point/Lighting Column,LP,LP-1927,557057.226,653459.39,52.63065746,-8.63434554,Point,Interchange,SON,Yes,Photocell,Dusk to Dawn,Post Top,Magnetic,250,12,<Null>,1,,Steel,,{A6BEEBA8-285E-4481-BF96-8950F9554CC0},,,COATESR,2025-04-08,M20 J2,No
B,M20,East,M20 94.3 E,Lighting Point/Lighting Column,LP,LP-1928,557075.889,653455.371,52.63062281,-8.63406935,Point,Slip Road,SON,Yes,Photocell,Dusk to Dawn,Single,Magnetic,250,10,<Null>,1,,Steel,,{A04600A5-2DC8-4D9B-950A-9D8AF856B7E1},,,COATESR,2025-04-08,M20 J2,Yes
B,M20,East,M20 94.3 E,Lighting Point/Lighting Column,LP,LP-1929,557107.045,653468.348,52.63074191,-8.63361083,Point,Slip Road,SON,Yes,Photocell,Dusk to Dawn,Single,Magnetic,250,10,<Null>,1,,Steel,,{AE261701-B005-410C-A3D1-54636E669D17},,,COATESR,2025-04-08,M20 J2,Yes
B,M20,East,M20 94.3 E,Lighting Point/Lighting Column,LP,LP-1930,557137.259,653487.123,52.63091303,-8.63316698,Point,Slip Road,SON,Yes,Photocell,Dusk to Dawn,Single,Magnetic,250,10,<Null>,1,,Steel,,{73055F63-64A1-4AD5-8F99-FDDE6D872F55},,,COATESR,2025-04-08,M20 J2,No
B,M20,West,M20 94.2 W,Lighting Point/Lighting Column,LP,LP-1932,557096.933,653318.107,52.62939082,-8.63374069,Point,Slip Road,SON,Yes,Photocell,Dusk to Dawn,Single,Magnetic,250,10,<Null>,1,,Steel,,{DDA063E5-61E2-43F2-B591-0096D920FBEF},,,COATESR,2025-04-08,M20 J2,Yes
B,M20,West,M20 94.1 W,Lighting Point/Lighting Column,LP,LP-1933,557065.565,653300.022,52.6292258,-8.63420166,Point,Slip Road,SON,Yes,Photocell,Dusk to Dawn,Single,Magnetic,250,10,<Null>,1,,Steel,,{560FD577-4FCB-44A8-95B4-23E8CE19EDC1},,,COATESR,2025-04-08,M20 J2,Yes
B,M20,West,M20 94.1 W,Lighting Point/Lighting Column,LP,LP-1934,557037.743,653280.787,52.62905073,-8.6346101,Point,Slip Road,SON,Yes,Photocell,Dusk to Dawn,Single,Magnetic,250,10,<Null>,1,,Steel,,{580A85B6-4EE1-45B8-A48F-EA59FC876149},,,COATESR,2025-04-08,M20 J2,Yes
B,M20,North,M20 91.3 E,Lighting Point/Lighting Column,LP,LP-1943,554736.24,651923.576,52.61666595,-8.66841808,Point,Interchange,SON,No,Photocell,Dusk to Dawn,Single,Magnetic,250,12,<Null>,1,,Steel,,{BD3767A7-FD8D-48A1-A310-CC2530F2E469},,,COATESR,2025-04-08,M20 J3,No
B,M20,North,M20 91.3 E,Lighting Point/Lighting Column,LP,LP-1944,554716.636,651956.292,52.61695835,-8.66871203,Point,Interchange,SON,No,Photocell,Dusk to Dawn,Single,Magnetic,250,12,<Null>,1,,Steel,,{B1358F0F-D931-4C8D-997E-4558E9957055},,,COATESR,2025-04-08,M20 J3,No
B,M20,North,M20 91.3 E,Lighting Point/Lighting Column,LP,LP-1945,554701.364,651981.906,52.61718728,-8.66894105,Point,Interchange,SON,No,Photocell,Dusk to Dawn,Single,Magnetic,250,12,<Null>,1,,Steel,,{9B2F1B8B-A602-4EED-9ED5-E1FE07907F05},,,COATESR,2025-04-08,M20 J3,No
B,M20,North,M20 91.3 E,Lighting Point/Lighting Column,LP,LP-1946,554681.744,652011.156,52.61744853,-8.66923477,Point,Interchange,SON,No,Photocell,Dusk to Dawn,Single,Magnetic,250,12,<Null>,1,,Steel,,{7628CEDA-CA9B-4C81-945A-ACE92D0CED12},,,COATESR,2025-04-08,M20 J3,Yes
B,M20,South,M20 91.3 E,Lighting Point/Lighting Column,LP,LP-1947,554680.652,652087.117,52.61813113,-8.66926131,Point,Interchange,SON,No,Photocell,Dusk to Dawn,Single,Magnetic,250,12,<Null>,1,,Steel,,{B1F9C481-F860-4F43-9DE0-264F1C9B3DC4},,,COATESR,2025-04-08,M20 J3,Yes
B,M20,South,M20 91.3 E,Lighting Point/Lighting Column,LP,LP-1950,554701.81,652065.401,52.61793773,-8.6689459,Point,Interchange,SON,No,Photocell,Dusk to Dawn,Single,Magnetic,250,10,<Null>,1,,Steel,,{58C45AF2-F53B-4B3F-BE4B-BE332C18B6B5},,,COATESR,2025-04-08,M20 J3,Yes
B,M20,South,M20 91.3 E,Lighting Point/Lighting Column,LP,LP-1951,554706.389,652027.965,52.61760165,-8.66887316,Point,Interchange,SON,No,Photocell,Dusk to Dawn,Single,Magnetic,250,12,<Null>,1,,Steel,,{A68F8337-FF5E-4B62-9A72-83126B7C444A},,,COATESR,2025-04-08,M20 J3,Yes
B,M20,North,M20 91.3 E,Lighting Point/Lighting Column,LP,LP-1952,554643.383,652060.028,52.61788456,-8.66980793,Point,Interchange,SON,No,Photocell,Dusk to Dawn,Single,Magnetic,250,12,<Null>,1,,Steel,,{5BDAEAF7-B666-4EA6-B1B9-67FBED7DB6AD},,,COATESR,2025-04-08,M20 J3,Yes
B,M20,North,M20 91.3 E,Lighting Point/Lighting Column,LP,LP-1953,554640.043,652084.918,52.61810798,-8.66986066,Point,Interchange,SON,No,Photocell,Dusk to Dawn,Single,Magnetic,250,12,<Null>,1,,Steel,,{01A35D13-93B4-4BE0-BD07-1AE0D356B121},,,COATESR,2025-04-08,M20 J3,No
B,M20,East,M20 88.1 E,Lighting Point/Lighting Column,LP,LP-1962,552322.308,649933.273,52.59857188,-8.70377537,Point,Slip Road,SON,No,Photocell,Dusk to Dawn,Single,Magnetic,250,10,<Null>,1,,Steel,,{C6B6E147-50B9-45CD-BB78-53C7CF2A1A45},,,COATESR,2025-04-08,M20 J4,Yes
B,M20,East,M20 88.2 E,Lighting Point/Lighting Column,LP,LP-1963,552370.361,649987.849,52.59906659,-8.70307397,Point,Slip Road,SON,No,Photocell,Dusk to Dawn,Single,Magnetic,250,10,<Null>,1,,Steel,,{44D5F745-A1BB-4C99-BEC9-CD47D56D3616},,,COATESR,2025-04-08,M20 J4,Yes
B,M20,East,M20 88.2 E,Lighting Point/Lighting Column,LP,LP-1964,552375.851,650000.821,52.59918366,-8.7029948,Point,Slip Road,SON,No,Photocell,Dusk to Dawn,Single,Magnetic,250,10,<Null>,1,,Steel,,{C888AB19-CC24-45B6-BEBA-BBEA61B4F94D},,,COATESR,2025-04-08,M20 J4,Yes
B,M20,West,M20 88.3 W,Lighting Point/Lighting Column,LP,LP-1965,552485.754,649945.481,52.59869591,-8.70136468,Point,Slip Road,SON,No,Photocell,Dusk to Dawn,Single,Magnetic,250,10,<Null>,1,,Steel,,{C98CB9D8-6FD7-45B5-AF3C-F6FC44E612E8},,,COATESR,2025-04-08,M20 J4,Yes
B,M20,South,M20 88.2 W,Lighting Point/Lighting Column,LP,LP-1966,552485.04,649917.409,52.59844355,-8.70137119,Point,Interchange,SON,No,Photocell,Dusk to Dawn,Single,Magnetic,250,12,<Null>,1,,Steel,,{716C76A2-088C-4A48-91D5-5E137E93CB18},,,COATESR,2025-04-08,M20 J4,No
B,M20,North,M20 88.2 W,Lighting Point/Lighting Column,LP,LP-1970,552488.373,649852.189,52.59785769,-8.70131263,Point,Interchange,SON,No,Photocell,Dusk to Dawn,Single,Magnetic,250,10,<Null>,1,,Steel,,{7C915DBC-EA37-4941-A049-08DD68BC2834},,,COATESR,2025-04-08,M20 J4,No
B,M20,North,M20 88.2 W,Lighting Point/Lighting Column,LP,LP-1971,552472.601,649888.684,52.5981843,-8.70155066,Point,Interchange,SON,No,Photocell,Dusk to Dawn,Single,Magnetic,250,10,<Null>,1,,Steel,,{83175D73-5A38-4814-8D31-462892B1840F},,,COATESR,2025-04-08,M20 J4,No
B,M20,North,M20 88.2 W,Lighting Point/Lighting Column,LP,LP-1972,552440.478,649920.665,52.59846892,-8.70202939,Point,Interchange,SON,No,Photocell,Dusk to Dawn,Single,Magnetic,250,12,<Null>,1,,Steel,,{4EB08100-3D38-4020-9F7E-0110E1494DBE},,,COATESR,2025-04-08,M20 J4,No
B,M20,East,M20 88.2 E,Lighting Point/Lighting Column,LP,LP-1973,552391.773,650017.268,52.59933287,-8.70276216,Point,Interchange,SON,No,Photocell,Dusk to Dawn,Single,Magnetic,250,10,<Null>,1,,Steel,,{31D342FD-6D63-4823-80CA-1F9A3BDD4F2D},,,COATESR,2025-04-08,M20 J4,No
B,M20,East,M20 88.3 E,Lighting Point/Lighting Column,LP,LP-1974,552415.752,650025.407,52.59940811,-8.70240939,Point,Slip Road,SON,No,Photocell,Dusk to Dawn,Single,Magnetic,250,10,<Null>,1,,Steel,,{64328B2F-CB29-4995-8166-DC90C45CE867},,,COATESR,2025-04-08,M20 J4,Yes
B,M20,East,M20 88.3 E,Lighting Point/Lighting Column,LP,LP-1975,552439.824,650048.157,52.59961468,-8.70205736,Point,Slip Road,SON,No,Photocell,Dusk to Dawn,Single,Magnetic,250,10,<Null>,1,,Steel,,{EFE51664-063E-40A1-BEF8-A90C6E2A5E51},,,COATESR,2025-04-08,M20 J4,Yes
B,M20,North,M20 88.2 W,Lighting Point/Lighting Column,LP,LP-1976,552460.347,649899.752,52.59828271,-8.70173312,Point,Interchange,SON,No,Photocell,Dusk to Dawn,Single,Magnetic,250,12,<Null>,1,,Steel,,{70AC805F-D895-4E0C-B05F-C2599D2AF39C},,,COATESR,2025-04-08,M20 J4,No
B,M20,West,M20 88.2 W,Lighting Point/Lighting Column,LP,LP-1977,552444.697,649898.977,52.59827437,-8.701964,Point,Slip Road,SON,No,Photocell,Dusk to Dawn,Single,Magnetic,250,10,<Null>,1,,Steel,,{63F0BFD8-5786-4323-98AB-F89B5617E47B},,,COATESR,2025-04-08,M20 J4,Yes
B,M20,West,M20 88.2 W,Lighting Point/Lighting Column,LP,LP-1978,552406.905,649877.887,52.59808152,-8.70251877,Point,Slip Road,SON,No,Photocell,Dusk to Dawn,Single,Magnetic,250,10,<Null>,1,,Steel,,{B9C24FE5-9986-4CE8-94A7-9A1FCE33E865},,,COATESR,2025-04-08,M20 J4,Yes
B,M20,West,M20 88.1 W,Lighting Point/Lighting Column,LP,LP-1979,552376.481,649859.804,52.59791634,-8.70296522,Point,Slip Road,SON,No,Photocell,Dusk to Dawn,Single,Magnetic,250,10,<Null>,1,,Steel,,{F2453A75-C6D2-4972-BC83-7B9F2C78F8F3},,,COATESR,2025-04-08,M20 J4,Yes
B,M20,East,M20 88.3 E,Lighting Point/Lighting Column,LP,LP-1980,552321.522,650113.132,52.60018828,-8.70381288,Point,Interchange,SON,No,Photocell,Dusk to Dawn,Single,Magnetic,250,12,<Null>,1,,Steel,,{DA34C1D7-6D25-4603-831A-3DB1180F84FA},,,COATESR,2025-04-08,M20 J4,No
B,M20,South,M20 88.3 E,Lighting Point/Lighting Column,LP,LP-1981,552343.376,650086.47,52.59995057,-8.70348647,Point,Interchange,SON,No,Photocell,Dusk to Dawn,Post Top,Electronic,110,12,<Null>,1,,Steel,,{27874924-F8BB-430D-9D41-A6281A350410},,,COATESR,2025-04-08,M20 J4,No
B,M20,South,M20 88.3 E,Lighting Point/Lighting Column,LP,LP-1982,552410.125,650001.238,52.59919041,-8.70248898,Point,Interchange,SON,No,Photocell,Dusk to Dawn,Single,Magnetic,250,10,<Null>,1,,Steel,,{8A10F5A3-0211-4EDC-B577-ADD4B057ED67},,,COATESR,2025-04-08,M20 J4,No
B,M20,South,M20 88.2 W,Lighting Point/Lighting Column,LP,LP-1983,552427.159,649978.533,52.59898784,-8.70223429,Point,Interchange,SON,No,Photocell,Dusk to Dawn,Single,Magnetic,150,8,<Null>,1,,Steel,,{BCD0AE79-14AB-4B5A-AD63-EDE4A10D9F85},,,COATESR,2025-04-08,M20 J4,No
B,M20,South,M20 88.2 W,Lighting Point/Lighting Column,LP,LP-1984,552447.024,649955.651,52.59878393,-8.70193779,Point,Interchange,SON,No,Photocell,Dusk to Dawn,Single,Magnetic,250,10,<Null>,1,,Steel,,{5CD716E7-153E-45D5-87A4-C528718C729B},,,COATESR,2025-04-08,M20 J4,No
B,M20,South,M20 88.3 W,Lighting Point/Lighting Column,LP,LP-1985,552464.692,649945.879,52.59869765,-8.70167561,Point,Interchange,SON,No,Photocell,Dusk to Dawn,Single,Magnetic,250,12,<Null>,1,,Steel,,{A59D8FD0-1FED-4FDE-9A3F-1031FE4DD476},,,COATESR,2025-04-08,M20 J4,No
B,M20,North,M20 88.2 E,Lighting Point/Lighting Column,LP,LP-1986,552397.154,649990.232,52.59909035,-8.70267885,Point,Interchange,SON,No,Photocell,Dusk to Dawn,Single,Magnetic,250,10,<Null>,1,,Steel,,{28696672-678A-41DC-BCD0-9FE33D21E48E},,,COATESR,2025-04-08,M20 J4,No
B,M20,North,M20 88.2 E,Lighting Point/Lighting Column,LP,LP-1987,552360.816,650026.353,52.59941181,-8.7032204,Point,Interchange,SON,No,Photocell,Dusk to Dawn,Single,Magnetic,250,12,<Null>,1,,Steel,,{565D5C16-5935-4E54-9FDE-55C4822D5C5C},,,COATESR,2025-04-08,M20 J4,No
B,M20,North,M20 88.2 E,Lighting Point/Lighting Column,LP,LP-1988,552335.785,650055.548,52.599672,-8.70359406,Point,Interchange,SON,No,Photocell,Dusk to Dawn,Single,Magnetic,250,12,<Null>,1,,Steel,,{4D8E9F97-24AF-4ACB-A441-63392367A957},,,COATESR,2025-04-08,M20 J4,No
B,M20,North,M20 88.2 E,Lighting Point/Lighting Column,LP,LP-1989,552321.643,650065.695,52.59976195,-8.70380426,Point,Interchange,SON,No,Photocell,Dusk to Dawn,Single,Magnetic,250,12,<Null>,1,,Steel,,{C50801E3-7681-48CB-84EB-160A3C78D81C},,,COATESR,2025-04-08,M20 J4,No
B,M20,East,M20 88.2 E,Lighting Point/Lighting Column,LP,LP-1990,552297.124,650087.975,52.59996004,-8.70416938,Point,Interchange,SON,No,Photocell,Dusk to Dawn,Single,Magnetic,250,12,<Null>,1,,Steel,,{F9E0F649-9110-4BD0-A251-5E22F19C8548},,,COATESR,2025-04-08,M20 J4,No
B,M20,East,M20 88.1 E,Lighting Point/Lighting Column,LP,LP-1992,552233.089,650019.602,52.59933992,-8.70510469,Point,Interchange,SON,No,Photocell,Dusk to Dawn,Single,Magnetic,250,10,<Null>,1,,Steel,,{E963E556-4CE8-4407-B866-A6DE0EAC7330},,,COATESR,2025-04-08,M20 J4,No
B,M20,East,M20 88.2 E,Lighting Point/Lighting Column,LP,LP-1993,552261.663,650045.263,52.59957306,-8.70468664,Point,Interchange,SON,No,Photocell,Dusk to Dawn,Single,Magnetic,250,10,<Null>,1,,Steel,,{805C8115-D59B-42EA-8ED6-2A439086D570},,,COATESR,2025-04-08,M20 J4,No
B,M20,East,M20 88.2 E,Lighting Point/Lighting Column,LP,LP-1994,552287.08,650070.796,52.59980476,-8.70431516,Point,Interchange,SON,No,Photocell,Dusk to Dawn,Single,Magnetic,250,10,<Null>,1,,Steel,,{C2041380-EE68-4892-9064-6E779803A33E},,,COATESR,2025-04-08,M20 J4,No
B,M20,West,M20 88.3 E,Lighting Point/Lighting Column,LP,LP-1995,552348.339,650108.138,52.60014574,-8.70341633,Point,Interchange,SON,No,Photocell,Dusk to Dawn,Single,Electronic,110,12,<Null>,1,,Steel,,{7FEA969B-6941-4EB7-9578-B31480629144},,,COATESR,2025-04-08,M20 J4,No
B,N21,East,M20 86.1 E,Lighting Point/Lighting Column,LP,LP-1996,550920.569,648405.383,52.58471545,-8.72423838,Point,Slip Road,SON,Yes,Photocell,Dusk to Dawn,Single,Magnetic,250,10,<Null>,1,,Steel,,{CC4ABBBF-0DD5-4E39-B888-2A3FFD5D5F25},,,COATESR,2025-04-08,M20 J5,Yes
B,N21,East,M20 86.1 E,Lighting Point/Lighting Column,LP,LP-1997,550923.559,648460.737,52.58521321,-8.72420246,Point,Slip Road,SON,Yes,Photocell,Dusk to Dawn,Single,Magnetic,250,10,<Null>,1,,Steel,,{0D56D791-F412-4BDE-BBAB-A51FD829FDBD},,,COATESR,2025-04-08,M20 J5,Yes
B,N21,East,M20 86.1 E,Lighting Point/Lighting Column,LP,LP-1998,550914.481,648493.205,52.58550419,-8.72434122,Point,Slip Road,SON,Yes,Photocell,Dusk to Dawn,Single,Magnetic,250,10,<Null>,1,,Steel,,{5C6FEA0A-3315-41C3-BC0B-5D766324D81F},,,COATESR,2025-04-08,M20 J5,No
B,N21,East,M20 86.1 E,Lighting Point/Lighting Column,LP,LP-1999,550903.319,648528.474,52.58582016,-8.72451114,Point,Slip Road,SON,Yes,Photocell,Dusk to Dawn,Single,Magnetic,250,10,<Null>,1,,Steel,,{D24CB825-708D-46B6-B0B4-C0A49E22A4DE},,,COATESR,2025-04-08,M20 J5,No
B,N21,East,M20 85.7 N,Lighting Point/Lighting Column,LP,LP-2000,550959.271,648652.089,52.58693618,-8.72370384,Point,Slip Road,SON,Yes,Photocell,Dusk to Dawn,Single,Magnetic,250,10,<Null>,1,,Steel,,{285352BF-2642-4406-AB17-E47BF4235612},,,COATESR,2025-04-08,M20 J5,No
B,N21,East,M20 85.7 N,Lighting Point/Lighting Column,LP,LP-2001,551107.044,648646.185,52.58689642,-8.72152244,Point,Slip Road,SON,Yes,Photocell,Dusk to Dawn,Single,Magnetic,250,12,<Null>,1,,Steel,,{E4DCDF94-A7F4-4B3B-AC9A-BEF51BCAC0A7},,,COATESR,2025-04-08,M20 J5,Yes
B,M20,West,M20 85.6 S,Lighting Point/Lighting Column,LP,LP-2002,551189.581,648490.766,52.58550703,-8.72028163,Point,Slip Road,SON,Yes,Photocell,Dusk to Dawn,Single,Magnetic,250,10,<Null>,1,,Steel,,{63C3C874-E55A-4CEC-8DD8-7034606B4596},,,COATESR,2025-04-08,M20 J5,Yes
B,M20,West,M20 85.6 S,Lighting Point/Lighting Column,LP,LP-2003,551170.262,648476.688,52.58537877,-8.72056462,Point,Slip Road,SON,Yes,Photocell,Dusk to Dawn,Single,Magnetic,250,10,<Null>,1,,Steel,,{136B145F-50FC-4A34-8961-1D5561661F04},,,COATESR,2025-04-08,M20 J5,Yes
B,M20,West,M20 86.3 W,Lighting Point/Lighting Column,LP,LP-2004,551157.134,648456.851,52.58519931,-8.7207554,Point,Slip Road,SON,Yes,Photocell,Dusk to Dawn,Single,Magnetic,250,12,<Null>,1,,Steel,,{E31F9BCE-40A8-4689-AC79-63AAD2655599},,,COATESR,2025-04-08,M20 J5,No
B,N21,South,M20 85.5 W,Lighting Point/Lighting Column,LP,LP-2005,551157.246,648417.283,52.58484371,-8.72074792,Point,Interchange,SON,Yes,Photocell,Dusk to Dawn,Single,Magnetic,250,12,<Null>,1,,Steel,,{CB9DEE2D-14B0-422D-A61D-90D24AB1C7FC},,,COATESR,2025-04-08,M20 J5,No
B,N21,South,M20 85.5 W,Lighting Point/Lighting Column,LP,LP-2006,551166.623,648338.244,52.5841342,-8.72059791,Point,Interchange,SON,Yes,Photocell,Dusk to Dawn,Single,Magnetic,250,12,<Null>,1,,Steel,,{F1A2E5A0-3BA9-40C0-890A-61133396BFC3},,,COATESR,2025-04-08,M20 J5,No
B,N21,North,M20 85.6 N,Lighting Point/Lighting Column,LP,LP-2008,551132.899,648474.813,52.58535856,-8.72111565,Point,Interchange,SON,Yes,Photocell,Dusk to Dawn,Single,Magnetic,250,8,<Null>,1,,Steel,,{8137D91E-637F-41CD-841B-D617DCAE61BF},,,COATESR,2025-04-08,M20 J5,No
B,N21,North,M20 85.6 N,Lighting Point/Lighting Column,LP,LP-2009,551131.675,648510.849,52.58568232,-8.72113903,Point,Interchange,SON,Yes,Photocell,Dusk to Dawn,Single,Magnetic,250,8,<Null>,1,,Steel,,{3689BE92-7140-403C-B0A5-1DEFCFE41EA3},,,COATESR,2025-04-08,M20 J5,No
B,N21,North,M20 86.3 E,Lighting Point/Lighting Column,LP,LP-2010,551130.928,648543.806,52.58597845,-8.72115491,Point,Interchange,SON,Yes,Photocell,Dusk to Dawn,Single,Magnetic,250,8,<Null>,1,,Steel,,{35E77271-1454-4AA7-A837-2823F48F480C},,,COATESR,2025-04-08,M20 J5,No
B,N21,North,M20 86.3 E,Lighting Point/Lighting Column,LP,LP-2011,551127.897,648573.555,52.58624554,-8.72120402,Point,Interchange,SON,Yes,Photocell,Dusk to Dawn,Single,Magnetic,250,12,<Null>,1,,Steel,,{FCB6FCFE-D3EC-4E54-BC3E-516E26AF4230},,,COATESR,2025-04-08,M20 J5,No
B,M20,North,M20 85.7 N,Lighting Point/Lighting Column,LP,LP-2012,551122.574,648612.071,52.58659122,-8.72128825,Point,Interchange,SON,Yes,Photocell,Dusk to Dawn,Single,Magnetic,250,12,<Null>,1,,Steel,,{6F1929C4-764C-4E2E-818D-8E223E6D712A},,,COATESR,2025-04-08,M20 J5,No
B,M20,East,M20 86.1 E,Lighting Point/Lighting Column,LP,LP-2013,550932.036,648506.063,52.58562133,-8.72408409,Point,Slip Road,SON,Yes,Photocell,Dusk to Dawn,Single,Magnetic,250,10,<Null>,1,,Steel,,{A9D1EDE2-1976-4537-BC49-3FE9E0D1F4EC},,,COATESR,2025-04-08,M20 J5,No
B,M20,East,M20 86.2 E,Lighting Point/Lighting Column,LP,LP-2014,551006.2,648468.085,52.5852867,-8.72298415,Point,Slip Road,SON,Yes,Photocell,Dusk to Dawn,Single,Magnetic,250,10,<Null>,1,,Steel,,{2F001005-26A0-4E61-A86E-CE345923FB04},,,COATESR,2025-04-08,M20 J5,Yes
B,N21,West,M20 85.5 N,Lighting Point/Lighting Column,LP,LP-2015,551100.239,648384.612,52.58454496,-8.72158425,Point,Slip Road,SON,Yes,Photocell,Dusk to Dawn,Single,Magnetic,250,10,<Null>,1,,Steel,,{E6F4E573-E2AC-4AB3-925F-878EEBC5D140},,,COATESR,2025-04-08,M20 J5,Yes
B,N21,West,M20 85.5 N,Lighting Point/Lighting Column,LP,LP-2016,551066.472,648382.084,52.5845192,-8.72208211,Point,Slip Road,SON,Yes,Photocell,Dusk to Dawn,Single,Magnetic,250,10,<Null>,1,,Steel,,{558BFD4C-DA24-488D-92EB-8004E282751B},,,COATESR,2025-04-08,M20 J5,Yes
B,N21,West,M20 86.1 W,Lighting Point/Lighting Column,LP,LP-2017,551033.044,648377.031,52.58447078,-8.7225746,Point,Slip Road,SON,Yes,Photocell,Dusk to Dawn,Single,Magnetic,250,10,<Null>,1,,Steel,,{C9298984-3BE4-4DDE-AB70-737BC16374E8},,,COATESR,2025-04-08,M20 J5,Yes
B,N21,South,M20 85.7 S,Lighting Point/Lighting Column,LP,LP-2020,551143.184,648672.373,52.58713503,-8.72099303,Point,Interchange,SON,Yes,Photocell,Dusk to Dawn,Single,Magnetic,250,12,<Null>,1,,Steel,,{295E888A-6493-44AE-9217-89D683138D36},,,COATESR,2025-04-08,M20 J5,No
B,N21,South,M20 85.7 S,Lighting Point/Lighting Column,LP,LP-2021,551144.147,648631.337,52.58676631,-8.72097277,Point,Interchange,SON,Yes,Photocell,Dusk to Dawn,Single,Magnetic,250,12,<Null>,1,,Steel,,{4030B2CA-96A8-4EF5-B871-BB8AF63BB576},,,COATESR,2025-04-08,M20 J5,No
B,N21,South,M20 85.7 S,Lighting Point/Lighting Column,LP,LP-2022,551144.912,648591.841,52.58641142,-8.72095565,Point,Interchange,SON,Yes,Photocell,Dusk to Dawn,Single,Magnetic,250,12,<Null>,1,,Steel,,{6155D215-D34B-42E5-A174-999E42EA192B},,,COATESR,2025-04-08,M20 J5,No
B,N21,South,M20 86.3 W,Lighting Point/Lighting Column,LP,LP-2023,551147.281,648524.515,52.58580655,-8.72091077,Point,Interchange,SON,Yes,Photocell,Dusk to Dawn,Single,Magnetic,250,8,<Null>,1,,Steel,,{639C9816-63EF-4CD6-A2C1-57A3F92EE04A},,,COATESR,2025-04-08,M20 J5,No
B,N21,South,M20 85.5 W,Lighting Point/Lighting Column,LP,LP-2024,551161.667,648377.191,52.58448378,-8.72067677,Point,Interchange,SON,Yes,Photocell,Dusk to Dawn,Single,Magnetic,250,12,<Null>,1,,Steel,,{17C32F3D-A12F-47AB-9645-4997D593E903},,,COATESR,2025-04-08,M20 J5,No
B,N21,North,M20 85.5 N,Lighting Point/Lighting Column,LP,LP-2026,551149.623,648314.149,52.58391612,-8.72084519,Point,Interchange,SON,Yes,Photocell,Dusk to Dawn,Single,Magnetic,250,12,<Null>,1,,Steel,,{DD634824-0BB7-4708-98EC-9F1E7FACC2FC},,,COATESR,2025-04-08,M20 J5,No
B,N21,North,M20 85.5 N,Lighting Point/Lighting Column,LP,LP-2027,551141.777,648351.557,52.58425161,-8.72096647,Point,Interchange,SON,Yes,Photocell,Dusk to Dawn,Single,Magnetic,250,12,<Null>,1,,Steel,,{43BD5AE3-219C-40EC-91D0-6B7F4CE6246F},,,COATESR,2025-04-08,M20 J5,No
B,N21,North,M20 85.5 N,Lighting Point/Lighting Column,LP,LP-2028,551138.597,648398.308,52.5846715,-8.72102029,Point,Interchange,SON,Yes,Photocell,Dusk to Dawn,Single,Magnetic,250,12,<Null>,1,,Steel,,{DC595F0A-DE33-4A8D-AA3F-84E00CFFCBB1},,,COATESR,2025-04-08,M20 J5,No
B,N21,North,M20 85.7 N,Lighting Point/Lighting Column,LP,LP-2029,551123.81,648655.47,52.58698138,-8.72127642,Point,Interchange,SON,Yes,Photocell,Dusk to Dawn,Single,Magnetic,250,12,<Null>,1,,Steel,,{E5F5F3A8-28BC-4F97-9C0E-E1484E570A62},,,COATESR,2025-04-08,M20 J5,No
B,N21,North,M20 85.7 N,Lighting Point/Lighting Column,LP,LP-2030,551130.288,648696.428,52.58735006,-8.72118687,Point,Interchange,SON,Yes,Photocell,Dusk to Dawn,Single,Magnetic,250,12,<Null>,1,,Steel,,{EE6E9755-A190-4201-96E5-A9FF1ACF4EA0},,,COATESR,2025-04-08,M20 J5,No
B,N21,East,M20 86.1 E,Lighting Point/Lighting Column,LP,LP-2031,550926.105,648431.821,52.58495356,-8.72416061,Point,Slip Road,SON,Yes,Photocell,Dusk to Dawn,Single,Magnetic,250,10,<Null>,1,,Steel,,{C042F3FB-7FE5-45DD-A43F-B5E97E4CF3FC},,,COATESR,2025-04-08,M20 J5,Yes
B,N21,East,M20 86.1 E,Lighting Point/Lighting Column,LP,LP-2032,550900.321,648561.725,52.58611873,-8.72456031,Point,Slip Road,SON,Yes,Photocell,Dusk to Dawn,Single,Magnetic,250,10,<Null>,1,,Steel,,{A7FBE98C-CB7A-4D94-8466-7F7E800C561D},,,COATESR,2025-04-08,M20 J5,No
B,N21,East,M20 86.2 E,Lighting Point/Lighting Column,LP,LP-2033,550908.468,648598.289,52.58644808,-8.72444551,Point,Slip Road,SON,Yes,Photocell,Dusk to Dawn,Single,Magnetic,250,10,<Null>,1,,Steel,,{407AD738-373D-4426-B034-77F1AE9D2BF6},,,COATESR,2025-04-08,M20 J5,No
B,N21,East,M20 85.7 N,Lighting Point/Lighting Column,LP,LP-2034,550993.146,648662.282,52.58703084,-8.72320549,Point,Slip Road,SON,Yes,Photocell,Dusk to Dawn,Single,Magnetic,250,10,<Null>,1,,Steel,,{0B433287-D8E0-4D21-8700-A9DDE3896B0E},,,COATESR,2025-04-08,M20 J5,No
B,N21,East,M20 85.7 N,Lighting Point/Lighting Column,LP,LP-2035,551028.713,648661.494,52.58702696,-8.72268055,Point,Slip Road,SON,Yes,Photocell,Dusk to Dawn,Single,Magnetic,250,10,<Null>,1,,Steel,,{8D663FED-623C-4C09-A63B-D48FD23ABEAD},,,COATESR,2025-04-08,M20 J5,Yes
B,N21,East,M20 85.7 N,Lighting Point/Lighting Column,LP,LP-2036,551067.44,648654.352,52.58696626,-8.72210804,Point,Slip Road,SON,Yes,Photocell,Dusk to Dawn,Single,Magnetic,250,10,<Null>,1,,Steel,,{A22E2CF8-410E-4CB2-A935-200E53C793B4},,,COATESR,2025-04-08,M20 J5,Yes
B,M20,East,M20 86.1 E,Lighting Point/Lighting Column,LP,LP-2037,550949.934,648486.888,52.58545062,-8.72381716,Point,Slip Road,SON,Yes,Photocell,Dusk to Dawn,Single,Magnetic,250,10,<Null>,1,,Steel,,{0AAE06BC-1433-4F6F-B5D0-C6659AE12BF9},,,COATESR,2025-04-08,M20 J5,Yes
B,M20,East,M20 86.1 E,Lighting Point/Lighting Column,LP,LP-2038,550979.193,648471.831,52.58531793,-8.7233832,Point,Slip Road,SON,Yes,Photocell,Dusk to Dawn,Single,Magnetic,250,10,<Null>,1,,Steel,,{80429DB3-ACD0-4C2B-A1C1-49C3021593CD},,,COATESR,2025-04-08,M20 J5,Yes
B,N21,North,M20 85.5 N,Lighting Point/Lighting Column,LP,LP-2039,551131.551,648381.701,52.58452161,-8.7211218,Point,Interchange,SON,Yes,Photocell,Dusk to Dawn,Single,Magnetic,250,12,<Null>,1,,Steel,,{D4A24DBB-08D0-4275-8659-C3C54FA3BB68},,,COATESR,2025-04-08,M20 J5,Yes
B,N21,South,M20 86.3 E,Lighting Point/Lighting Column,LP,LP-2040,551146.829,648563.531,52.58615716,-8.72092319,Point,Interchange,SON,Yes,Photocell,Dusk to Dawn,Single,Magnetic,250,8,<Null>,1,,Steel,,{9E72C6DA-15CB-4E6A-8013-8DD902B1CC8F},,,COATESR,2025-04-08,M20 J5,No
B,N21,South,M20 86.3 W,Lighting Point/Lighting Column,LP,LP-2041,551148.121,648491.567,52.5855105,-8.72089351,Point,Interchange,SON,Yes,Photocell,Dusk to Dawn,Single,Magnetic,250,8,<Null>,1,,Steel,,{DDCE3ECE-87E2-452D-83E6-480433C7A371},,,COATESR,2025-04-08,M20 J5,No
B,N21,North,M20 3.3 E,Lighting Point/Lighting Column,LP,LP-2044,547548.508,647242.327,52.57394802,-8.77380918,Point,Mainline,SON,No,Photocell,Dusk to Dawn,Single,Magnetic,250,12,<Null>,1,,Steel,,{9CBF95A3-0F71-4261-B7DC-CF699E783527},,,COATESR,2025-04-08,M20/N21 Lantern Lodge,No
B,N21,West,M20 3.3 W,Lighting Point/Lighting Column,LP,LP-2047,547571.895,647201.304,52.57358159,-8.7734577,Point,Mainline,SON,No,Photocell,Dusk to Dawn,Single,Magnetic,250,10,<Null>,1,,Steel,,{ECF3BE17-96FC-413A-9E8E-9B61C2019F10},,,COATESR,2025-04-08,M20/N21 Lantern Lodge,No
B,M20,West,M20 95.3 W,Lighting Point/Lighting Column,LP,LP-2407,557829.363,654198.488,52.6373606,-8.62303472,Point,Mainline,SON,Unknown,Photocell,Dusk to Dawn,Single,Magnetic,250,12,<Null>,1,,Steel,,{905ED403-C5CF-47FB-80E4-AA640206AA7E},,,COATESR,2025-04-08,M20 J2,No
B,N21,West,M20 3.2 W,Lighting Point/Lighting Column,LP,LP-2408,547700.853,647253.8,52.5740658,-8.77156369,Point,Mainline,SON,No,Photocell,Dusk to Dawn,Single,Magnetic,250,10,<Null>,1,,Steel,,{965BDFED-EF92-4779-9B37-4BE65BB57E14},,,COATESR,2025-04-08,M20/N21 Lantern Lodge,No
B,N21,West,M20 3.2 W,Lighting Point/Lighting Column,LP,LP-2409,547663.326,647240.143,52.57393945,-8.77211511,Point,Mainline,SON,No,Photocell,Dusk to Dawn,Single,Magnetic,250,10,<Null>,1,,Steel,,{524A6097-CEEF-4D38-8453-5597FDA02B74},,,COATESR,2025-04-08,M20/N21 Lantern Lodge,No
B,N21,West,M20 3.3 W,Lighting Point/Lighting Column,LP,LP-2410,547625.726,647225.699,52.57380602,-8.77266748,Point,Mainline,SON,No,Photocell,Dusk to Dawn,Single,Magnetic,250,10,<Null>,1,,Steel,,{86B80ACD-E65C-48FD-9169-2E6926609BBF},,,COATESR,2025-04-08,M20/N21 Lantern Lodge,No
B,N21,West,M20 3.3 W,Lighting Point/Lighting Column,LP,LP-2411,547588.017,647213.032,52.57368855,-8.77322174,Point,Mainline,SON,No,Photocell,Dusk to Dawn,Single,Magnetic,250,10,<Null>,1,,Steel,,{0918E6BC-EF79-48B3-917A-A89578F97848},,,COATESR,2025-04-08,M20/N21 Lantern Lodge,No
B,N21,East,M20 3.3 E,Lighting Point/Lighting Column,LP,LP-2415,547539.986,647218.805,52.5737358,-8.77393117,Point,Mainline,SON,No,Photocell,Dusk to Dawn,Single,Magnetic,250,10,<Null>,1,,Steel,,{1AF93531-98CF-4824-B6CC-6B806699B002},,,COATESR,2025-04-08,M20/N21 Lantern Lodge,No
B,N21,East,M20 3.3 E,Lighting Point/Lighting Column,LP,LP-2416,547565.293,647228.036,52.5738212,-8.77355932,Point,Mainline,SON,No,Photocell,Dusk to Dawn,Single,Magnetic,250,10,<Null>,1,,Steel,,{FD79C72F-2EB0-4226-81DC-8A0670EF3258},,,COATESR,2025-04-08,M20/N21 Lantern Lodge,No
B,M20,West,M20 95.3 W,Lighting Point/Lighting Column,LP,LP-2667,557813.836,654167.515,52.63708103,-8.62326014,Point,Mainline,SON,Unknown,Photocell,Dusk to Dawn,Single,Magnetic,250,12,<Null>,1,,Steel,,{FA282648-93B0-4CCC-B5C5-C08C37D3E8FF},,,COATESR,2025-04-08,M20 J2,No
B,M20,West,M20 95.3 W,Lighting Point/Lighting Column,LP,LP-2668,557797.853,654137.702,52.63681184,-8.62349245,Point,Mainline,SON,Unknown,Photocell,Dusk to Dawn,Single,Magnetic,250,12,<Null>,1,,Steel,,{7E201F38-F6D2-4945-B9AD-2EE261CE8EEB},,,COATESR,2025-04-08,M20 J2,No
B,M20,West,M20 95.2 W,Lighting Point/Lighting Column,LP,LP-2669,557781.102,654108.275,52.63654606,-8.62373615,Point,Mainline,SON,Unknown,Photocell,Dusk to Dawn,Single,Magnetic,250,12,<Null>,1,,Steel,,{CB41BCC7-1DEB-43B0-BBD2-08F32373E148},,,COATESR,2025-04-08,M20 J2,No
B,M20,West,M20 95.2 W,Lighting Point/Lighting Column,LP,LP-2670,557763.824,654080.163,52.63629206,-8.62398781,Point,Mainline,SON,Unknown,Photocell,Dusk to Dawn,Single,Magnetic,250,12,<Null>,1,,Steel,,{58CC5889-D387-4463-893C-F4E744CA2B71},,,COATESR,2025-04-08,M20 J2,No
B,M20,West,M20 95.2 W,Lighting Point/Lighting Column,LP,LP-2671,557745.095,654051.329,52.63603146,-8.6242608,Point,Mainline,SON,Unknown,Photocell,Dusk to Dawn,Single,Magnetic,250,12,<Null>,1,,Steel,,{29BC20C5-63A6-474A-98D3-3BFCE142C6FE},,,COATESR,2025-04-08,M20 J2,No
B,M20,West,M20 95.1 W,Lighting Point/Lighting Column,LP,LP-2672,557727.957,654023.13,52.63577669,-8.62451036,Point,Mainline,SON,Unknown,Photocell,Dusk to Dawn,Single,Magnetic,250,12,<Null>,1,,Steel,,{156000F8-667D-488E-AA5A-2043CEF4114E},,,COATESR,2025-04-08,M20 J2,No
B,N21,North,M20 3.3 W,Lighting Point/Lighting Column,LP,LP-2673,547550.882,647191.229,52.57348902,-8.77376608,Point,Mainline,SON,No,Photocell,Dusk to Dawn,Single,Magnetic,250,10,<Null>,1,,Steel,,{D0FE2F03-032A-4D4A-8868-19FBDCBE96A4},,,COATESR,2025-04-08,M20/N21 Lantern Lodge,No
B,M20,West,M20 95.3 W,Lighting Point/Lighting Column,LP,LP-2674,557843.268,654229.835,52.63764341,-8.6228333,Point,Mainline,SON,Unknown,Photocell,Dusk to Dawn,Single,Magnetic,250,12,<Null>,1,,Steel,,{E21936DB-230F-45CB-803B-862BA103C67A},,,COATESR,2025-04-08,M20 J2,No
B,M20,West,M20 95.3 W,Lighting Point/Lighting Column,LP,LP-2675,557856.902,654260.545,52.63792047,-8.6226358,Point,Mainline,SON,Unknown,Photocell,Dusk to Dawn,Single,Magnetic,250,12,<Null>,1,,Steel,,{A4D63AA6-8321-480F-95FE-1771D6AC0C96},,,COATESR,2025-04-08,M20 J2,No
B,M20,East,M20 94.3 E,Lighting Point/Lighting Column,LP,LP-2681,557047.867,653489.168,52.63092435,-8.63448765,Point,Interchange,SON,Yes,Photocell,Dusk to Dawn,Post Top,Magnetic,250,10,<Null>,1,,Steel,,{767C85B1-806E-4D81-AA77-EA8725DC4C40},,,COATESR,2025-04-08,M20 J2,No
B,M20,East,M20 94.3 E,Lighting Point/Lighting Column,LP,LP-2682,557078.042,653530.185,52.63129537,-8.63404726,Point,Interchange,SON,Yes,Photocell,Dusk to Dawn,Post Top,Magnetic,250,10,<Null>,1,,Steel,,{8FEE92EB-1BA5-488F-9E17-047EDCEF7551},,,COATESR,2025-04-08,M20 J2,No
B,M20,North,M20 94.2 W,Lighting Point/Lighting Column,LP,LP-2684,557130.057,653322.473,52.62943268,-8.63325199,Point,Interchange,SON,Yes,Photocell,Dusk to Dawn,Post Top,Magnetic,250,12,<Null>,1,,Steel,,{212FBEDC-692E-47E7-9273-8B888A061E82},,,COATESR,2025-04-08,M20 J2,No
B,M20,North,M20 91.3 E,Lighting Point/Lighting Column,LP,LP-2693,554649.445,652025.93,52.61757861,-8.66971374,Point,Interchange,SON,No,Photocell,Dusk to Dawn,Single,Magnetic,250,8,<Null>,1,,Steel,,{40509AB6-24D3-4305-AF51-2152AE48B849},,,COATESR,2025-04-08,M20 J3,Yes
B,M20,West,M20 88.3 W,Lighting Point/Lighting Column,LP,LP-2701,552517.905,650005.306,52.59923639,-8.70089871,Point,Slip Road,SON,No,Photocell,Dusk to Dawn,Single,Magnetic,250,10,<Null>,1,,Steel,,{9F6D0708-44A9-4579-A410-4A65B56F0A66},,,COATESR,2025-04-08,M20 J4,Yes
B,M20,West,M20 88.3 W,Lighting Point/Lighting Column,LP,LP-2702,552499.489,649973.592,52.59894976,-8.70116599,Point,Slip Road,SON,No,Photocell,Dusk to Dawn,Single,Magnetic,250,10,<Null>,1,,Steel,,{32CDB403-CF24-4D22-9749-7DE2692CF3D6},,,COATESR,2025-04-08,M20 J4,Yes
B,M20,East,M20 88.2 E,Lighting Point/Lighting Column,LP,LP-2703,552344.686,649958.703,52.59880239,-8.70344874,Point,Slip Road,SON,No,Photocell,Dusk to Dawn,Single,Magnetic,250,10,<Null>,1,,Steel,,{9FD8190D-BDC5-4479-9A97-51FE08E57F48},,,COATESR,2025-04-08,M20 J4,Yes
B,M20,East,M20 88.3 E,Lighting Point/Lighting Column,LP,LP-2704,552467.08,650071.037,52.5998227,-8.70165834,Point,Slip Road,SON,No,Photocell,Dusk to Dawn,Single,Magnetic,250,10,<Null>,1,,Steel,,{B055E529-0F18-4EC1-BF8E-A23756EE69BC},,,COATESR,2025-04-08,M20 J4,Yes
B,N21,East,M20 85.7 N,Lighting Point/Lighting Column,LP,LP-2705,550928.614,648629.414,52.58672963,-8.72415286,Point,Slip Road,SON,Yes,Photocell,Dusk to Dawn,Single,Magnetic,250,10,<Null>,1,,Steel,,{3EF817E4-0E87-4915-9089-758C07C0E1F4},,,COATESR,2025-04-08,M20 J5,No
B,N21,North,M20 3.3 W,Lighting Point/Lighting Column,LP,LP-2708,547556.017,647180.77,52.57339552,-8.77368867,Point,Mainline,SON,No,Photocell,Dusk to Dawn,Single,Magnetic,250,12,<Null>,1,,Steel,,{D9609057-222B-4683-A818-76F1A1014A93},,,COATESR,2025-04-08,M20/N21 Lantern Lodge,No
B,M20,West,M20 86.4 W,Lighting Point/Lighting Column,LP,LP-3074,551254.668,648522.315,52.58579641,-8.71932589,Point,Slip Road,SON,Yes,Photocell,Dusk to Dawn,Single,Magnetic,250,10,<Null>,1,,Steel,,{076CD40F-C4A8-4763-9311-49F2797E9C5F},,,COATESR,2025-04-08,M20 J5,Yes
B,M20,West,M20 85.6 S,Lighting Point/Lighting Column,LP,LP-3075,551220.713,648505.273,52.5856402,-8.7198244,Point,Slip Road,SON,Yes,Photocell,Dusk to Dawn,Single,Magnetic,250,10,<Null>,1,,Steel,,{7F742277-EED2-4972-8891-A58DA6185A5E},,,COATESR,2025-04-08,M20 J5,Yes
B,M20,North,M20 94.2 E,Lighting Point/Lighting Column,LP,LP-7088,556979.494,653469.138,52.63073892,-8.63549498,Point,Interchange,SON,Yes,Photocell,Dusk to Dawn,Post Top,Magnetic,250,10,<Null>,1,,Steel,,{501FBC3F-C859-4434-A279-A404337209FE},,,COATESR,2025-04-08,M20 J2,No
B,N21,North,M20 85.5 N,Lighting Point/Lighting Column,LP,LP-7089,551134.51,648435.913,52.5850091,-8.72108614,Point,Interchange,SON,Yes,Photocell,Dusk to Dawn,Single,Magnetic,250,12,<Null>,1,,Steel,,{68679A56-362A-43E4-A1A0-8E182CCE0675},,,COATESR,2025-04-08,M20 J5,No
B,M20,West,M20 88.4 E,Lighting Point/Lighting Column,LP,LP-7143,552393.256,650173.652,52.60073848,-8.70276276,Point,Interchange,SON,No,Photocell,Dusk to Dawn,Single,Magnetic,250,10,<Null>,1,,Steel,,{0A285D2A-7B5F-41F5-98B4-72D495BDF26F},,,COATESR,2025-04-08,M20 J4,No
B,M20,West,M20 88.3 E,Lighting Point/Lighting Column,LP,LP-7144,552370.033,650136.36,52.60040129,-8.70310018,Point,Interchange,SON,No,Photocell,Dusk to Dawn,Single,Magnetic,250,10,<Null>,1,,Steel,,{C66FB1BD-F9CE-42A9-B410-C6E4D3605090},,,COATESR,2025-04-08,M20 J4,No
